X,Y
-3.46666666666667,-0.108333333333333
-3.45666666666667,-0.108333333333333
-3.44666666666667,-0.108333333333333
-3.43666666666667,-0.108333333333333
-3.42666666666667,-0.108333333333333
-3.41666666666667,-0.108333333333333
-3.40666666666667,-0.108333333333333
-3.39666666666667,-0.108333333333333
-3.38666666666667,-0.108333333333333
-3.37666666666667,-0.108333333333333
-3.36666666666667,-0.108333333333333
-3.35666666666667,-0.108333333333333
-3.34666666666667,-0.108333333333333
-3.33666666666667,-0.108333333333333
-3.32666666666667,-0.108333333333333
-3.31666666666667,-0.108333333333333
-3.30666666666667,-0.108333333333333
-3.29666666666667,-0.108333333333333
-3.28666666666667,-0.108333333333333
-3.27666666666667,-0.108333333333333
-3.26666666666667,-0.108333333333333
-3.25666666666667,-0.108333333333333
-3.24666666666667,-0.108333333333333
-3.23666666666667,-0.108333333333333
-3.22666666666667,-0.108333333333333
-3.21666666666667,-0.108333333333333
-3.20666666666667,-0.108333333333333
-3.19666666666667,-0.108333333333333
-3.18666666666667,-0.108333333333333
-3.17666666666667,-0.108333333333333
-3.16666666666667,-0.108333333333333
-3.15666666666667,-0.108333333333333
-3.14005181518905,-0.107946483825695
-3.13010478190397,-0.107785941497406
-3.12016005153733,-0.107518391598284
-3.11021877521514,-0.107143865097862
-3.1002821036636,-0.106662405348466
-3.09035118707587,-0.106074068080199
-3.08042717497899,-0.105378921394488
-3.07051121610077,-0.104577045756201
-3.06060445823687,-0.103668533984336
-3.05070804811787,-0.102653491241274
-3.0408231312766,-0.101532035020609
-3.03095085191551,-0.100304295133543
-3.02109235277424,-0.0989704136938672
-3.01124877499731,-0.0975305451015041
-3.00142125800209,-0.0959848560246415
-2.99161093934686,-0.0943335253804373
-2.98181895459915,-0.0925767443143105
-2.97204643720431,-0.0907147161778147
-2.96229451835427,-0.0887476565051006
-2.95256432685667,-0.0866757929879672
-2.94285698900412,-0.0844993654495056
-2.9331736284439,-0.0822186258163388
-2.92351536604782,-0.0798338380894613
-2.91388331978257,-0.0773452783136799
-2.90427860458021,-0.0747532345456611
-2.89470233220921,-0.0720580068205874
-2.88515561114568,-0.0692599071174278
-2.87563954644511,-0.0663592593228259
-2.86615523961446,-0.0633563991936086
-2.85670378848461,-0.0602516743179214
-2.84728628708333,-0.0570454440749951
-2.83790382550864,-0.0537380795935459
-2.82855748980261,-0.0503299637088173
-2.81924836182564,-0.0468214909182648
-2.80997751913126,-0.043213067335893
-2.8007460348414,-0.0395051106452464
-2.79155497752214,-0.0356980500510619
-2.78240541106006,-0.0317923262295862
-2.77329839453907,-0.0277883912775684
-2.76423498211781,-0.0236867086599271
-2.75521622290767,-0.0194877531561042
-2.74624316085129,-0.0151920108051076
-2.7373168346018,-0.0107999788492512
-2.72843827740251,-0.00631216567659791
-2.71960851696738,-0.00172909076211193
-2.710828575362,0.00294871539247055
-2.70209946888534,0.0077207113200488
-2.69342220795207,0.0125863446508337
-2.68479779697563,0.0175450521762856
-2.67622723425192,0.0225962599143075
-2.66771151184381,0.0277393831756843
-2.65925161546627,0.0329738266317623
-2.65084852437225,0.0382989843833595
-2.6425032112394,0.0437142400309002
-2.63421664205738,0.0492189667457655
-2.62598977601615,0.0548125273428481
-2.61782356539485,0.0604942743543099
-2.60971895545164,0.0662635501045269
-2.60167688431423,0.0721196867862172
-2.59369828287136,0.0780620065377409
-2.58578407466494,0.0840898215215653
-2.57793517578327,0.0902024340038819
-2.57015249475491,0.0963991364353717
-2.56243693244355,0.102679211533106
-2.55478938194374,0.109041932363573
-2.54721072847748,0.115486562426823
-2.53970184929182,0.122012355741717
-2.53226361355722,0.128618556932282
-2.52489688226703,0.13530440131514
-2.51760250813778,0.142069114988028
-2.51038133551048,0.148911914919375
-2.50323420025291,0.155832009038942
-2.49616192966284,0.162828596329506
-2.48916534237228,0.169900866919577
-2.48224524825271,0.177048002177147
-2.47540244832136,0.184269174804443
-2.46863773464847,0.191563548933696
-2.46195189026562,0.198930280223886
-2.45534568907505,0.206368515958483
-2.44881989576016,0.21387739514415
-2.44237526569691,0.221456048610402
-2.43601254486644,0.229103599110216
-2.4297324697687,0.236819161421576
-2.42353576733722,0.244601842449939
-2.4174231548549,0.252450741331609
-2.41139533987108,0.260364949538021
-2.40545302011955,0.2683435509809
-2.39959688343786,0.276385622118302
-2.39382760768764,0.284490232061515
-2.38814586067618,0.292656442682813
-2.3825523000791,0.300883308724048
-2.37704757336423,0.309169877906063
-2.37163231771669,0.31751519103892
-2.3663071599651,0.325918282132932
-2.36107271650902,0.334378178510476
-2.35592959324764,0.342893900918584
-2.35087838550962,0.351464463642292
-2.34591967798417,0.360088874618741
-2.34105404465338,0.368766135552009
-2.3362820487258,0.377495242028668
-2.33160424257122,0.386275183634044
-2.32702116765674,0.395104944069179
-2.32253335448408,0.403983501268466
-2.31814132252823,0.412909827517959
-2.31384558017723,0.421882889574332
-2.30964662467341,0.430901648784478
-2.30554494205577,0.439965061205735
-2.30154100710375,0.44907207772673
-2.29763528328227,0.45822164418881
-2.29382822268809,0.467412701508067
-2.29012026599744,0.476644185797928
-2.28651184241507,0.485915028492303
-2.28300336962452,0.495224156469274
-2.27959525373979,0.50457049217531
-2.27628788925834,0.513952953749999
-2.27308165901541,0.523370455151273
-2.26997693413972,0.532821906281124
-2.26697407401051,0.54230621311178
-2.26407342621591,0.551822277812344
-2.26127532651275,0.561368998875874
-2.25858009878767,0.570945271246878
-2.25598805501965,0.580549986449232
-2.25349949524387,0.590182032714488
-2.251114707517,0.599840295110561
-2.24883396788383,0.609523655670788
-2.24665754034537,0.619230993523335
-2.24458567682823,0.628961185020938
-2.24261861715552,0.638713103870972
-2.24075658901902,0.648485621265818
-2.2389998079529,0.658277606013527
-2.23734847730869,0.668087924668758
-2.23580278823183,0.677915441663978
-2.23436291963947,0.687759019440904
-2.23302903819979,0.697617518582181
-2.23180129831272,0.707489797943268
-2.23067984209206,0.717374714784537
-2.229664799349,0.727271124903536
-2.22875628757713,0.737177882767441
-2.22795441193885,0.747093841645653
-2.22725926525313,0.757017853742532
-2.22667092798487,0.766948770330261
-2.22618946823547,0.77688544188181
-2.22581494173505,0.786826718204001
-2.22554739183593,0.79677144857064
-2.22538684950764,0.80671848185572
-2.155,0.816666666666667
-2.155,0.826666666666667
-2.155,0.836666666666667
-2.155,0.846666666666667
-2.155,0.856666666666667
-2.155,0.866666666666667
-2.155,0.876666666666667
-2.155,0.886666666666667
-2.155,0.896666666666667
-2.155,0.906666666666667
-2.155,0.916666666666667
-2.155,0.926666666666667
-2.155,0.936666666666667
-2.155,0.946666666666667
-2.155,0.956666666666667
-2.155,0.966666666666667
-2.155,0.976666666666667
-2.155,0.986666666666667
-2.155,0.996666666666667
-2.155,1.00666666666667
-2.155,1.01666666666667
-2.155,1.02666666666667
-2.155,1.03666666666667
-2.155,1.04666666666667
-2.155,1.05666666666667
-2.155,1.06666666666667
-2.155,1.07666666666667
-2.155,1.08666666666667
-2.155,1.09666666666667
-2.155,1.10666666666667
-2.155,1.11666666666667
-2.155,1.12666666666667
-2.155,1.13333333333333
-2.155,1.14333333333333
-2.155,1.15333333333333
-2.155,1.16333333333333
-2.155,1.17333333333333
-2.155,1.18333333333333
-2.155,1.19333333333333
-2.155,1.20333333333333
-2.155,1.21333333333333
-2.155,1.22333333333333
-2.155,1.23333333333333
-2.155,1.24333333333333
-2.155,1.25333333333333
-2.155,1.26333333333333
-2.155,1.27333333333333
-2.155,1.28333333333333
-2.155,1.29333333333333
-2.155,1.30333333333333
-2.155,1.31333333333333
-2.155,1.32333333333333
-2.155,1.33333333333333
-2.155,1.34333333333333
-2.155,1.35333333333333
-2.155,1.36333333333333
-2.155,1.37333333333333
-2.155,1.38333333333333
-2.155,1.39333333333333
-2.155,1.40333333333333
-2.155,1.41333333333333
-2.155,1.42333333333333
-2.155,1.43333333333333
-2.155,1.44333333333333
-2.155,1.45333333333333
-2.155,1.46333333333333
-2.155,1.47333333333333
-2.155,1.48333333333333
-2.155,1.49333333333333
-2.155,1.50333333333333
-2.155,1.51333333333333
-2.155,1.52333333333333
-2.155,1.53333333333333
-2.155,1.54333333333333
-2.155,1.55333333333333
-2.155,1.56333333333333
-2.155,1.57333333333333
-2.155,1.58333333333333
-2.155,1.59333333333333
-2.155,1.60333333333333
-2.155,1.61333333333333
-2.155,1.62333333333333
-2.155,1.63333333333333
-2.155,1.64333333333333
-2.155,1.65333333333333
-2.155,1.66333333333333
-2.155,1.67333333333333
-2.155,1.68333333333333
-2.155,1.69333333333333
-2.155,1.70333333333333
-2.155,1.71333333333333
-2.155,1.72333333333333
-2.155,1.73333333333333
-2.155,1.74333333333333
-2.155,1.75333333333333
-2.155,1.76333333333333
-2.155,1.77333333333333
-2.155,1.78333333333333
-2.155,1.79333333333333
-2.155,1.80333333333333
-2.155,1.81333333333333
-2.155,1.82333333333333
-2.155,1.83333333333333
-2.155,1.84333333333333
-2.18459703611245,1.85992935125588
-2.18438815814587,1.86985674944332
-2.18404007385249,1.87978024187801
-2.18355285169928,1.88969787664393
-2.18292658752111,1.89960770297722
-2.18216140450194,1.90950777164991
-2.18125745315058,1.91939613535333
-2.18021491127108,1.92927084908114
-2.18903398392776,1.93912997051191
-2.17771490340487,1.94897156039113
-2.17625792916091,1.95879368291273
-2.17466334777758,1.96859440609975
-2.17293147290343,1.97837180218445
-2.1706264519215,1.98812394798742
-2.16905723223559,1.9978489252959
-2.1669156284914,2.00754482124107
-2.16463825520551,2.01720972867433
-2.16222556032923,2.0268417465424
-2.19967801843115,2.03643898026125
-2.1969961306038,2.04599954208879
-2.19418042436507,2.05552155149616
-2.19123145355448,2.06500313553761
-2.1881497982242,2.07444242921892
-2.18493606452499,2.08383757586426
-2.18159088458697,2.09318672748133
-2.17811491639524,2.10248804512492
-2.17450884366054,2.11173969925857
-2.17077337568466,2.12093987011448
-2.16690924722102,2.13008674805142
-2.16291721833008,2.13917853391069
-2.15879807422989,2.14821343936999
-2.15455262514158,2.15718968729523
-2.15018170613006,2.16610551209003
-2.14568617693971,2.17495916004302
-2.1410669218253,2.18374888967281
-2.13632484937806,2.19247297207051
-2.13146089234696,2.20112969123982
-2.12647600745521,2.20971734443454
-2.12137117521214,2.21823424249351
-2.11614739972029,2.22667871017286
-2.11080570847791,2.2350490864755
-2.10534715217687,2.24334372497788
-2.09977280449598,2.25156099415379
-2.09408376188982,2.2596992776953
-2.08828114337305,2.26775697483069
-2.08236609030031,2.27573250063927
-2.07633976614172,2.2836242863632
-2.07020335625403,2.29143077971598
-2.06395806764748,2.29915044518786
-2.05760512874836,2.3067817643478
-2.0511457891574,2.31432323614217
-2.04458131940395,2.32177337719002
-2.03791301069612,2.32913072207481
-2.03114217466676,2.33639382363271
-2.02427014311549,2.34356125323719
-2.01729826774674,2.35063160108008
-2.01022791990386,2.35760347644883
-2.00306049029938,2.36447550800009
-1.99579738874148,2.37124634402945
-1.98844004385669,2.37791465273728
-1.98098990280884,2.38447912249073
-1.97344843101446,2.3909384620817
-1.96581711185453,2.39729140098082
-1.95809744638265,2.40353668958736
-1.95029095302986,2.40967309947505
-1.94239916730594,2.41569942363364
-1.93442364149735,2.42161447670638
-1.92636594436197,2.42741709522316
-1.91822766082046,2.43310613782932
-1.91001039164454,2.4386804855102
-1.90171575314217,2.44413904181124
-1.89334537683952,2.44948073305363
-1.88490090916018,2.45470450854548
-1.87638401110121,2.45980934078855
-1.86779635790649,2.46479422568029
-1.85913963873718,2.4696581827114
-1.85041555633947,2.47440025515864
-1.84162582670968,2.47901951027304
-1.83277217875669,2.48351503946339
-1.8238563539619,2.48788595847491
-1.81488010603666,2.49213140756322
-1.80584520057735,2.49625055166341
-1.79675341471809,2.50024258055435
-1.78760653678115,2.50410670901799
-1.77840636592524,2.50784217699387
-1.76915471179158,2.51144824972858
-1.759853394148,2.5149242179203
-1.75050424253093,2.51826939785832
-1.74110909588559,2.52148313155753
-1.73166980220427,2.52456478688781
-1.72218821816283,2.5275137576984
-1.71266620875546,2.53032946393713
-1.70310564692792,2.53301135176448
-1.69350841320906,2.53555889366256
-1.683876395341,2.53797158853884
-1.67421148790774,2.54024896182473
-1.66451559196256,2.54239056556892
-1.65479061465409,2.54439597852549
-1.64503846885112,2.54626480623676
-1.63526107276642,2.54799668111091
-1.62546034957939,2.54959126249424
-1.6156382270578,2.5510482367382
-1.60579663717857,2.55236731726109
-1.59593751574781,2.55354824460442
-1.58606280202,2.55459078648392
-1.57617443831657,2.55549473783527
-1.56627436964389,2.55625992085444
-1.5563645433106,2.55688618503261
-1.54644690854468,2.55737340718583
-1.53652341610998,2.5577214914792
-1.52659601792255,2.55793036944578
-1.48333333333333,2.55
-1.47333333333333,2.55
-1.46333333333333,2.55
-1.45333333333333,2.55
-1.44333333333333,2.55
-1.43333333333333,2.55
-1.42333333333333,2.55
-1.41333333333333,2.55
-1.40333333333333,2.55
-1.39333333333333,2.55
-1.38333333333333,2.55
-1.37333333333333,2.55
-1.36333333333333,2.55
-1.35333333333333,2.55
-1.34333333333333,2.55
-1.33333333333333,2.55
-1.32333333333333,2.55
-1.31333333333333,2.55
-1.30333333333333,2.55
-1.29333333333333,2.55
-1.28333333333333,2.55
-1.27333333333333,2.55
-1.26333333333333,2.55
-1.25333333333333,2.55
-1.24333333333333,2.55
-1.23333333333333,2.55
-1.22333333333333,2.55
-1.21333333333333,2.55
-1.20333333333333,2.55
-1.19333333333333,2.55
-1.18333333333333,2.55
-1.17333333333333,2.55
-1.16333333333333,2.55
-1.15333333333333,2.55
-1.14333333333333,2.55
-1.13333333333333,2.55
-1.12333333333333,2.55
-1.11333333333333,2.55
-1.10333333333333,2.55
-1.09333333333333,2.55
-1.08333333333333,2.55
-1.07333333333333,2.55
-1.06333333333333,2.55
-1.05333333333333,2.55
-1.04333333333333,2.55
-1.03333333333333,2.55
-1.02333333333333,2.55
-1.01333333333333,2.55
-1.00333333333333,2.55
-0.993333333333333,2.55
-0.983333333333333,2.55
-0.973333333333333,2.55
-0.963333333333333,2.55
-0.953333333333333,2.55
-0.943333333333333,2.55
-0.933333333333333,2.55
-0.923333333333333,2.55
-0.913333333333333,2.55
-0.903333333333333,2.55
-0.893333333333333,2.55
-0.883333333333333,2.55
-0.873333333333333,2.55
-0.863333333333333,2.55
-0.853333333333333,2.55
-0.843333333333333,2.55
-0.833333333333333,2.55
-0.823333333333333,2.55
-0.813333333333333,2.55
-0.803333333333333,2.55
-0.793333333333333,2.55
-0.783333333333333,2.55
-0.773333333333333,2.55
-0.763333333333333,2.55
-0.753333333333333,2.55
-0.743333333333333,2.55
-0.733333333333333,2.55
-0.723333333333333,2.55
-0.713333333333333,2.55
-0.703333333333333,2.55
-0.693333333333333,2.55
-0.683333333333333,2.55
-0.673333333333333,2.55
-0.663333333333333,2.55
-0.653333333333333,2.55
-0.643333333333333,2.55
-0.633333333333333,2.55
-0.623333333333333,2.55
-0.613333333333333,2.55
-0.603333333333333,2.55
-0.593333333333333,2.55
-0.583333333333333,2.55
-0.573333333333333,2.55
-0.563333333333333,2.55
-0.553333333333333,2.55
-0.543333333333333,2.55
-0.533333333333333,2.55
-0.523333333333333,2.55
-0.513333333333333,2.55
-0.503333333333333,2.55
-0.493333333333333,2.55
-0.483333333333333,2.55
-0.473333333333333,2.55
-0.463333333333333,2.55
-0.453333333333333,2.55
-0.443333333333333,2.55
-0.433333333333333,2.55
-0.423333333333333,2.55
-0.413333333333333,2.55
-0.403333333333333,2.55
-0.393333333333333,2.55
-0.383333333333333,2.55
-0.373333333333333,2.55
-0.363333333333333,2.55
-0.358333333333333,2.55
-0.348333333333333,2.55
-0.338333333333333,2.55
-0.328333333333333,2.55
-0.318333333333333,2.55
-0.308333333333333,2.55
-0.298333333333333,2.55
-0.288333333333333,2.55
-0.278333333333333,2.55
-0.268333333333333,2.55
-0.258333333333333,2.55
-0.248333333333333,2.55
-0.238333333333333,2.55
-0.228333333333333,2.55
-0.218333333333333,2.55
-0.208333333333333,2.55
-0.198333333333333,2.55
-0.188333333333333,2.55
-0.178333333333333,2.55
-0.168333333333333,2.55
-0.158333333333333,2.55
-0.148333333333333,2.55
-0.138333333333333,2.55
-0.128333333333333,2.55
-0.118333333333333,2.55
-0.108333333333333,2.55
-0.0983333333333333,2.55
-0.0883333333333333,2.55
-0.0783333333333333,2.55
-0.0683333333333334,2.55
-0.0583333333333333,2.55
-0.0483333333333334,2.55
-0.0383333333333333,2.55
-0.0283333333333333,2.55
-0.0183333333333334,2.55
-0.00833333333333333,2.55
0.00166666666666663,2.55
0.0116666666666667,2.55
0.0216666666666667,2.55
0.0316666666666666,2.55
0.0416666666666667,2.55
0.0516666666666666,2.55
0.0616666666666667,2.55
0.0716666666666667,2.55
0.0816666666666666,2.55
0.0916666666666667,2.55
0.101666666666667,2.55
0.111666666666667,2.55
0.121666666666667,2.55
0.131666666666667,2.55
0.141666666666667,2.55
0.151666666666667,2.55
0.161666666666667,2.55
0.171666666666667,2.55
0.181666666666667,2.55
0.191666666666667,2.55
0.201666666666667,2.55
0.211666666666667,2.55
0.221666666666667,2.55
0.231666666666667,2.55
0.241666666666667,2.55
0.251666666666667,2.55
0.261666666666667,2.55
0.271666666666667,2.55
0.281666666666667,2.55
0.291666666666667,2.55
0.301666666666667,2.55
0.311666666666667,2.55
0.321666666666667,2.55
0.331666666666667,2.55
0.341666666666667,2.55
0.351666666666667,2.55
0.361666666666667,2.55
0.371666666666667,2.55
0.381666666666667,2.55
0.391666666666667,2.55
0.401666666666667,2.55
0.411666666666667,2.55
0.421666666666667,2.55
0.431666666666667,2.55
0.441666666666667,2.55
0.451666666666667,2.55
0.461666666666667,2.55
0.471666666666667,2.55
0.481666666666667,2.55
0.491666666666667,2.55
0.501666666666667,2.55
0.511666666666667,2.55
0.521666666666667,2.55
0.531666666666667,2.55
0.541666666666667,2.55
0.551666666666667,2.55
0.561666666666667,2.55
0.571666666666667,2.55
0.581666666666667,2.55
0.591666666666667,2.55
0.601666666666667,2.55
0.611666666666667,2.55
0.621666666666667,2.55
0.631666666666667,2.55
0.641666666666667,2.55
0.651666666666667,2.55
0.661666666666667,2.55
0.671666666666667,2.55
0.681666666666667,2.55
0.691666666666667,2.55
0.701666666666667,2.55
0.711666666666667,2.55
0.721666666666667,2.55
0.731666666666667,2.55
0.741666666666667,2.55
0.751666666666667,2.55
0.761666666666667,2.55
0.771666666666667,2.55
0.781666666666667,2.55
0.791666666666667,2.55
0.801666666666667,2.55
0.811666666666667,2.55
0.821666666666667,2.55
0.831666666666667,2.55
0.841666666666667,2.55
0.859929351255882,2.55793036944578
0.869856749443315,2.5577214914792
0.879780241878012,2.55737340718583
0.889697876643932,2.55688618503261
0.899607702977219,2.55625992085444
0.909507771649907,2.55549473783527
0.919396135353329,2.55459078648392
0.929270849081142,2.55354824460442
0.939129970511907,2.55236731726109
0.948971560391134,2.5510482367382
0.958793682912727,2.54959126249424
0.968594406099753,2.54799668111091
0.978371802184451,2.54626480623676
0.988123947987419,2.54439597852549
0.997848925295896,2.54239056556892
1.00754482124107,2.54024896182473
1.01720972867433,2.53797158853884
1.0268417465424,2.53555889366256
1.03643898026125,2.53301135176448
1.04599954208879,2.53032946393713
1.05552155149616,2.5275137576984
1.06500313553761,2.52456478688781
1.07444242921892,2.52148313155753
1.08383757586426,2.51826939785832
1.09318672748133,2.5149242179203
1.10248804512492,2.51144824972858
1.11173969925857,2.50784217699387
1.12093987011448,2.50410670901799
1.13008674805142,2.50024258055435
1.13917853391069,2.49625055166341
1.14821343936999,2.49213140756322
1.15718968729523,2.48788595847491
1.16610551209003,2.48351503946339
1.17495916004302,2.47901951027304
1.18374888967281,2.47440025515864
1.19247297207051,2.4696581827114
1.20112969123982,2.46479422568029
1.20971734443454,2.45980934078855
1.21823424249351,2.45470450854548
1.22667871017286,2.44948073305363
1.2350490864755,2.44413904181124
1.24334372497788,2.4386804855102
1.25156099415379,2.43310613782932
1.2596992776953,2.42741709522316
1.26775697483069,2.42161447670638
1.27573250063927,2.41569942363364
1.2836242863632,2.40967309947505
1.29143077971598,2.40353668958736
1.29915044518786,2.39729140098082
1.3067817643478,2.3909384620817
1.31432323614217,2.38447912249073
1.32177337719002,2.37791465273728
1.32913072207481,2.37124634402945
1.33639382363271,2.36447550800009
1.34356125323719,2.35760347644883
1.35063160108008,2.35063160108008
1.35760347644883,2.34356125323719
1.36447550800009,2.33639382363271
1.37124634402945,2.32913072207481
1.37791465273728,2.32177337719002
1.38447912249073,2.31432323614217
1.3909384620817,2.3067817643478
1.39729140098082,2.29915044518786
1.40353668958737,2.29143077971598
1.40967309947505,2.2836242863632
1.41569942363364,2.27573250063927
1.42161447670638,2.26775697483069
1.42741709522316,2.2596992776953
1.43310613782932,2.25156099415379
1.4386804855102,2.24334372497788
1.44413904181124,2.2350490864755
1.44948073305363,2.22667871017286
1.45470450854548,2.21823424249351
1.45980934078855,2.20971734443454
1.46479422568029,2.20112969123982
1.4696581827114,2.19247297207051
1.47440025515864,2.18374888967281
1.47901951027304,2.17495916004302
1.48351503946339,2.16610551209003
1.48788595847491,2.15718968729523
1.49213140756322,2.14821343936999
1.49625055166341,2.13917853391069
1.50024258055435,2.13008674805142
1.50410670901799,2.12093987011448
1.50784217699387,2.11173969925857
1.51144824972858,2.10248804512492
1.5149242179203,2.09318672748133
1.51826939785832,2.08383757586426
1.52148313155753,2.07444242921892
1.52456478688781,2.06500313553761
1.5275137576984,2.05552155149616
1.53032946393713,2.04599954208879
1.53301135176448,2.03643898026125
1.53555889366256,2.0268417465424
1.53797158853884,2.01720972867433
1.54024896182473,2.00754482124107
1.54239056556892,1.9978489252959
1.54439597852549,1.98812394798742
1.54626480623676,1.97837180218445
1.54799668111091,1.96859440609975
1.54959126249424,1.95879368291273
1.5510482367382,1.94897156039113
1.55236731726109,1.93912997051191
1.55354824460442,1.92927084908114
1.55459078648392,1.91939613535333
1.55549473783527,1.90950777164991
1.55625992085444,1.89960770297722
1.55688618503261,1.88969787664393
1.55737340718583,1.87978024187801
1.5577214914792,1.86985674944332
1.55793036944578,1.85992935125588
1.55833333333333,1.85
1.55833333333333,1.84
1.55833333333333,1.83
1.55833333333333,1.82
1.55833333333333,1.81
1.55833333333333,1.8
1.55833333333333,1.79
1.55833333333333,1.78
1.55833333333333,1.77
1.55833333333333,1.76
1.55833333333333,1.75
1.55833333333333,1.74
1.55833333333333,1.73
1.55833333333333,1.72
1.55833333333333,1.71
1.55833333333333,1.7
1.55833333333333,1.69
1.55833333333333,1.68
1.55833333333333,1.67
1.55833333333333,1.66
1.55833333333333,1.65
1.55833333333333,1.64
1.55833333333333,1.63
1.55833333333333,1.62
1.55833333333333,1.61
1.55833333333333,1.6
1.55833333333333,1.59
1.55833333333333,1.58
1.55833333333333,1.57
1.55833333333333,1.56
1.55833333333333,1.55
1.55833333333333,1.54
1.55833333333333,1.53
1.55833333333333,1.52
1.55833333333333,1.51
1.55833333333333,1.5
1.55833333333333,1.49
1.55833333333333,1.48
1.55833333333333,1.47
1.55833333333333,1.46
1.55833333333333,1.45
1.55833333333333,1.44
1.55833333333333,1.43
1.55833333333333,1.42
1.55833333333333,1.41
1.55833333333333,1.4
1.55833333333333,1.4
1.55833333333333,1.39
1.55833333333333,1.38
1.55833333333333,1.37
1.55833333333333,1.36
1.55833333333333,1.35
1.55833333333333,1.34
1.55833333333333,1.33
1.55833333333333,1.32
1.55833333333333,1.31
1.55833333333333,1.3
1.55833333333333,1.29
1.55833333333333,1.28
1.55833333333333,1.27
1.55833333333333,1.26
1.55833333333333,1.25
1.55833333333333,1.24
1.55833333333333,1.23
1.55833333333333,1.22
1.55833333333333,1.21
1.55833333333333,1.2
1.55833333333333,1.19
1.55833333333333,1.18
1.55833333333333,1.17
1.55833333333333,1.16
1.55833333333333,1.15
1.55833333333333,1.14
1.55833333333333,1.13
1.55833333333333,1.12
1.55833333333333,1.11
1.55833333333333,1.1
1.55833333333333,1.09
1.55833333333333,1.08
1.55833333333333,1.07
1.55833333333333,1.06
1.55833333333333,1.05
1.55833333333333,1.04
1.55833333333333,1.03
1.55833333333333,1.02
1.55833333333333,1.01
1.55833333333333,1.0
1.55833333333333,0.99
1.55833333333333,0.98
1.55833333333333,0.97
1.55833333333333,0.96
1.55833333333333,0.95
1.55833333333333,0.94
1.55833333333333,0.93
1.55833333333333,0.92
1.55833333333333,0.91
1.55833333333333,0.9
1.55833333333333,0.89
1.55833333333333,0.88
1.55833333333333,0.87
1.55833333333333,0.86
1.55833333333333,0.85
1.55833333333333,0.84
1.55833333333333,0.83
1.55833333333333,0.82
1.55833333333333,0.81
1.55833333333333,0.8
1.55833333333333,0.79
1.55833333333333,0.78
1.55833333333333,0.77
1.54802652411438,0.765865207836975
1.53816309435896,0.764272092846624
1.52832102219399,0.762551954069649
1.51850194339459,0.760705077397088
1.50870748991432,0.758731769784106
1.49893928961398,0.756632359198988
1.489198965991,0.754407194568619
1.47948813790967,0.752056645720499
1.46980841933204,0.749581103321275
1.46016141904968,0.746980978811809
1.45054874041632,0.744256704338799
1.44097198108135,0.741408732682954
1.43143273272427,0.738437537183738
1.4219325807902,0.735343611660705
1.41247310422632,0.73212747033142
1.40305587521948,0.728789647725999
1.39368245893488,0.725330698598267
1.38435441325596,0.721751197833555
1.37507328852546,0.718051740353156
1.36584062728772,0.714232941015447
1.35665796403236,0.710295434513693
1.34752682493924,0.70623987527057
1.33844872762473,0.702066937329387
1.32942518088959,0.697777314242066
1.32045768446812,0.69337171895387
1.31154772877892,0.688850883684908
1.30269679467721,0.684215559808442
1.29390635320867,0.679466517726002
1.28517786536498,0.67460454673935
1.27651278184097,0.66963045491929
1.26791254279352,0.664545068971368
1.25937857760223,0.659349234098471
1.25091230463182,0.654043813860354
1.2425151309964,0.648629690030111
1.23418845232563,0.643107762447623
1.22593365253272,0.637478948870007
1.21775210358447,0.631744184819076
1.20964516527319,0.625904423425858
1.20161418499076,0.61996063527218
1.19366049750465,0.61391380822936
1.18578542473608,0.607764947294013
1.17799027554032,0.601515074421027
1.17027634548919,0.595165228353705
1.16264491665565,0.588716464451125
1.15509725740081,0.582169854512739
1.14763462216306,0.575526486600235
1.14025825124962,0.568787464856701
1.13296937063035,0.561953909323112
1.12576919173406,0.555026955752177
nan,nan
nan,nan
1.11163971091449,0.540897474932608
1.10471275734355,0.533697296036313
1.09787920180997,0.526408415417048
1.09114018006643,0.519032044503602
1.08449681215393,0.511569409265856
1.07795020221554,0.504021750011016
1.07150143831296,0.49639032117748
1.06515159224564,0.488676391126342
1.05890171937265,0.480881241930589
1.05275285843731,0.473006169162016
1.04670603139449,0.465052481675902
1.04076224324081,0.457021501393474
1.03492248184759,0.448914563082199
1.02918771779666,0.440733014133944
1.02355890421904,0.432478214341037
1.01803697663656,0.424151535670263
1.01262285280631,0.415754362034847
1.0073174325682,0.407288089064435
1.0021215976953,0.398754123873146
0.997036211747377,0.3901538848257
0.992062119927317,0.381488801301685
0.987200148940665,0.372760313457992
0.982451106858225,0.363969871989456
0.977815782981759,0.355118937887746
0.973294947712797,0.346208982198549
0.9688893524246,0.337241485777074
0.96459972933728,0.328217939041934
0.960426791396097,0.319139841727431
0.956371232152973,0.310008702634303
0.95243372565122,0.300826039378951
0.94861492631351,0.291593378141211
0.944915468833112,0.282312253410702
0.9413359680684,0.272984207731785
0.937877018940668,0.26361079144719
0.934539196335247,0.254193562440349
0.931323055005962,0.244734085876468
0.928229129482929,0.235233933942396
0.925257933983713,0.225694685585319
0.922409962327867,0.216117926250344
0.919685687854858,0.206505247616984
0.917085563345392,0.196858247334626
0.914610020946168,0.187178528756992
0.912259472098048,0.177467700675662
0.910034307467679,0.167727377052686
0.90793489688256,0.157959176752343
0.905961589269579,0.148164723272077
0.904114712597017,0.138345644472674
0.902394573820043,0.128503572307703
0.900801458829691,0.118640142552285
0.899133333333333,0.108333333333333
0.889133333333333,0.108333333333333
0.879133333333333,0.108333333333333
0.869133333333333,0.108333333333333
0.859133333333333,0.108333333333333
0.849133333333333,0.108333333333333
0.839133333333333,0.108333333333333
0.829133333333333,0.108333333333333
0.819133333333333,0.108333333333333
0.809133333333333,0.108333333333333
0.799133333333333,0.108333333333333
0.789133333333333,0.108333333333333
0.779133333333333,0.108333333333333
0.769133333333333,0.108333333333333
0.759133333333333,0.108333333333333
0.749133333333333,0.108333333333333
0.739133333333333,0.108333333333333
0.729133333333333,0.108333333333333
0.719133333333333,0.108333333333333
0.709133333333333,0.108333333333333
0.699133333333333,0.108333333333333
0.689133333333333,0.108333333333333
0.679133333333333,0.108333333333333
0.669133333333333,0.108333333333333
0.659133333333333,0.108333333333333
0.649133333333333,0.108333333333333
0.639133333333333,0.108333333333333
0.629133333333333,0.108333333333333
0.619133333333333,0.108333333333333
0.609133333333333,0.108333333333333
0.599133333333333,0.108333333333333
0.589133333333333,0.108333333333333
0.579133333333333,0.108333333333333
0.569133333333333,0.108333333333333
0.559133333333333,0.108333333333333
0.549133333333333,0.108333333333333
0.539133333333333,0.108333333333333
0.529133333333333,0.108333333333333
0.519133333333333,0.108333333333333
0.509133333333333,0.108333333333333
0.499133333333333,0.108333333333333
0.489133333333333,0.108333333333333
0.479133333333333,0.108333333333333
0.469133333333333,0.108333333333333
0.459133333333333,0.108333333333333
0.449133333333333,0.108333333333333
0.439133333333333,0.108333333333333
0.429133333333333,0.108333333333333
0.419133333333333,0.108333333333333
0.409133333333333,0.108333333333333
0.399133333333333,0.108333333333333
0.389133333333333,0.108333333333333
0.379133333333333,0.108333333333333
0.369133333333333,0.108333333333333
0.359133333333333,0.108333333333333
0.349133333333333,0.108333333333333
0.339133333333333,0.108333333333333
0.329133333333333,0.108333333333333
0.319133333333333,0.108333333333333
0.309133333333333,0.108333333333333
0.299133333333333,0.108333333333333
0.289133333333333,0.108333333333333
0.279133333333333,0.108333333333333
0.269133333333333,0.108333333333333
0.259133333333333,0.108333333333333
0.249133333333333,0.108333333333333
0.239133333333333,0.108333333333333
0.229133333333333,0.108333333333333
0.219133333333333,0.108333333333333
0.209133333333333,0.108333333333333
0.199133333333333,0.108333333333333
0.189133333333333,0.108333333333333
0.179133333333333,0.108333333333333
0.169133333333333,0.108333333333333
0.159133333333333,0.108333333333333
0.149133333333333,0.108333333333333
0.139133333333333,0.108333333333333
0.129133333333333,0.108333333333333
0.119133333333333,0.108333333333333
0.109133333333333,0.108333333333333
0.0991333333333333,0.108333333333333
0.0891333333333333,0.108333333333333
0.0791333333333334,0.108333333333333
0.0691333333333334,0.108333333333333
0.0591333333333334,0.108333333333333
0.0491333333333333,0.108333333333333
0.0391333333333333,0.108333333333333
0.0291333333333334,0.108333333333333
0.0191333333333334,0.108333333333333
0.00913333333333336,0.108333333333333
-0.00086666666666666,0.108333333333333
-0.0108666666666667,0.108333333333333
-0.0208666666666666,0.108333333333333
-0.0308666666666666,0.108333333333333
-0.0408666666666666,0.108333333333333
-0.0508666666666667,0.108333333333333
-0.0608666666666666,0.108333333333333
-0.0708666666666666,0.108333333333333
-0.0808666666666666,0.108333333333333
-0.0908666666666666,0.108333333333333
-0.100866666666667,0.108333333333333
-0.110866666666667,0.108333333333333
-0.120866666666667,0.108333333333333
-0.130866666666667,0.108333333333333
-0.140866666666667,0.108333333333333
-0.150866666666667,0.108333333333333
-0.160866666666667,0.108333333333333
-0.170866666666667,0.108333333333333
-0.180866666666667,0.108333333333333
-0.190866666666667,0.108333333333333
-0.200866666666667,0.108333333333333
-0.210866666666667,0.108333333333333
-0.220866666666667,0.108333333333333
-0.230866666666667,0.108333333333333
-0.240866666666667,0.108333333333333
-0.250866666666667,0.108333333333333
-0.260866666666667,0.108333333333333
-0.270866666666667,0.108333333333333
-0.280866666666667,0.108333333333333
-0.290866666666666,0.108333333333333
-0.300866666666667,0.108333333333333
-0.310866666666667,0.108333333333333
-0.320866666666667,0.108333333333333
-0.330866666666667,0.108333333333333
-0.340866666666667,0.108333333333333
-0.350866666666667,0.108333333333333
-0.360866666666667,0.108333333333333
-0.370866666666667,0.108333333333333
-0.380866666666667,0.108333333333333
-0.390866666666667,0.108333333333333
-0.400866666666667,0.108333333333333
-0.410866666666667,0.108333333333333
-0.420866666666667,0.108333333333333
-0.430866666666667,0.108333333333333
-0.440866666666667,0.108333333333333
-0.450866666666667,0.108333333333333
-0.460866666666667,0.108333333333333
-0.470866666666667,0.108333333333333
-0.480866666666667,0.108333333333333
-0.490866666666667,0.108333333333333
-0.500866666666667,0.108333333333333
-0.510866666666667,0.108333333333333
-0.520866666666667,0.108333333333333
-0.530866666666667,0.108333333333333
-0.540866666666666,0.108333333333333
-0.550866666666667,0.108333333333333
-0.560866666666667,0.108333333333333
-0.570866666666667,0.108333333333333
-0.580866666666667,0.108333333333333
-0.590866666666667,0.108333333333333
-0.600866666666667,0.108333333333333
-0.610866666666667,0.108333333333333
-0.620866666666667,0.108333333333333
-0.630866666666667,0.108333333333333
-0.640866666666666,0.108333333333333
-0.650866666666667,0.108333333333333
-0.660866666666667,0.108333333333333
-0.670866666666667,0.108333333333333
-0.680866666666667,0.108333333333333
-0.690866666666667,0.108333333333333
-0.700866666666667,0.108333333333333
-0.710866666666667,0.108333333333333
-0.720866666666667,0.108333333333333
-0.730866666666667,0.108333333333333
-0.740866666666667,0.108333333333333
-0.750866666666667,0.108333333333333
-0.760866666666667,0.108333333333333
-0.770866666666667,0.108333333333333
-0.780866666666667,0.108333333333333
-0.790866666666666,0.108333333333333
-0.800866666666667,0.108333333333333
-0.810866666666667,0.108333333333333
-0.820866666666667,0.108333333333333
-0.830866666666667,0.108333333333333
-0.840866666666667,0.108333333333333
-0.850866666666667,0.108333333333333
-0.860866666666667,0.108333333333333
-0.870866666666667,0.108333333333333
-0.880866666666667,0.108333333333333
-0.890866666666666,0.108333333333333
-0.900866666666667,0.108333333333333
-0.910866666666667,0.108333333333333
-0.920866666666667,0.108333333333333
-0.930866666666667,0.108333333333333
-0.940866666666667,0.108333333333333
-0.950866666666667,0.108333333333333
-0.960866666666667,0.108333333333333
-0.970866666666667,0.108333333333333
-0.980866666666667,0.108333333333333
-0.990866666666667,0.108333333333333
-1.00086666666667,0.108333333333333
-1.01086666666667,0.108333333333333
-1.02086666666667,0.108333333333333
-1.03086666666667,0.108333333333333
-1.04086666666667,0.108333333333333
-1.05086666666667,0.108333333333333
-1.06086666666667,0.108333333333333
-1.07086666666667,0.108333333333333
-1.08086666666667,0.108333333333333
-1.09086666666667,0.108333333333333
-1.10086666666667,0.108333333333333
-1.11086666666667,0.108333333333333
-1.12086666666667,0.108333333333333
-1.13086666666667,0.108333333333333
-1.14086666666667,0.108333333333333
-1.15086666666667,0.108333333333333
-1.16086666666667,0.108333333333333
-1.17086666666667,0.108333333333333
-1.18086666666667,0.108333333333333
-1.19086666666667,0.108333333333333
-1.2,0.108333333333333
-1.21,0.108333333333333
-1.22,0.108333333333333
-1.23,0.108333333333333
-1.24,0.108333333333333
-1.25,0.108333333333333
-1.26,0.108333333333333
-1.27,0.108333333333333
-1.28,0.108333333333333
-1.29,0.108333333333333
-1.3,0.108333333333333
-1.31,0.108333333333333
-1.32,0.108333333333333
-1.33,0.108333333333333
-1.34,0.108333333333333
-1.35,0.108333333333333
-1.36,0.108333333333333
-1.37,0.108333333333333
-1.38,0.108333333333333
-1.39,0.108333333333333
-1.4,0.108333333333333
-1.41,0.108333333333333
-1.42,0.108333333333333
-1.43,0.108333333333333
-1.44,0.108333333333333
-1.45,0.108333333333333
-1.46,0.108333333333333
-1.47,0.108333333333333
-1.48,0.108333333333333
-1.49,0.108333333333333
-1.5,0.108333333333333
-1.51,0.108333333333333
-1.52661485147761,0.107946483825695
-1.53656188476269,0.107785941497406
-1.54650661512933,0.107518391598284
-1.55644789145152,0.107143865097862
-1.56638456300307,0.106662405348466
-1.5763154795908,0.106074068080199
-1.58623949168768,0.105378921394488
-1.59615545056589,0.104577045756201
-1.6060622084298,0.103668533984336
-1.6159586185488,0.102653491241274
-1.62584353539006,0.101532035020609
-1.63571581475115,0.100304295133543
-1.64557431389243,0.0989704136938671
-1.65541789166936,0.097530545101504
-1.66524540866457,0.0959848560246415
-1.67505572731981,0.0943335253804373
-1.68484771206752,0.0925767443143105
-1.69462022946236,0.0907147161778147
-1.70437214831239,0.0887476565051006
-1.71410233981,0.0866757929879673
-1.72380967766254,0.0844993654495055
-1.73349303822277,0.0822186258163387
-1.74315130061885,0.0798338380894612
-1.7527833468841,0.0773452783136799
-1.76238806208646,0.0747532345456611
-1.77196433445746,0.0720580068205874
-1.78151105552099,0.069259907117428
-1.79102712022155,0.066359259322826
-1.80051142705221,0.0633563991936085
-1.80996287818206,0.0602516743179213
-1.81938037958333,0.0570454440749949
-1.82876284115802,0.0537380795935459
-1.83810917686406,0.0503299637088171
-1.84741830484103,0.0468214909182648
-1.85668914753541,0.043213067335893
-1.86592063182527,0.0395051106452464
-1.87511168914452,0.0356980500510616
-1.8842612556066,0.0317923262295861
-1.8933682721276,0.0277883912775682
-1.90243168454886,0.023686708659927
-1.911450443759,0.0194877531561042
-1.92042350581537,0.0151920108051076
-1.92934983206487,0.0107999788492513
-1.93822838926415,0.0063121656765978
-1.94705814969929,0.00172909076211158
-1.95583809130467,-0.0029487153924709
-1.96456719778132,-0.0077207113200488
-1.97324445871459,-0.0125863446508337
-1.98186886969104,-0.0175450521762856
-1.99043943241475,-0.0225962599143075
-1.99895515482286,-0.0277393831756843
-2.0074150512004,-0.0329738266317621
-2.01581814229441,-0.0382989843833594
-2.02416345542727,-0.0437142400309006
-2.03245002460928,-0.0492189667457655
-2.04067689065052,-0.0548125273428482
-2.04884310127182,-0.0604942743543099
-2.05694771121503,-0.0662635501045269
-2.06498978235243,-0.0721196867862173
-2.07296838379531,-0.0780620065377411
-2.08088259200172,-0.0840898215215656
-2.08873149088339,-0.0902024340038822
-2.09651417191176,-0.0963991364353718
-2.10422973422312,-0.102679211533106
-2.11187728472293,-0.109041932363573
-2.11945593818918,-0.115486562426823
-2.12696481737485,-0.122012355741717
-2.13440305310945,-0.128618556932282
-2.14176978439964,-0.13530440131514
-2.14906415852889,-0.142069114988028
-2.15628533115619,-0.148911914919375
-2.16343246641376,-0.155832009038942
-2.17050473700383,-0.162828596329506
-2.17750132429439,-0.169900866919577
-2.18442141841396,-0.177048002177147
-2.19126421834531,-0.184269174804443
-2.19802893201819,-0.191563548933696
-2.20471477640105,-0.198930280223886
-2.21132097759162,-0.206368515958484
-2.21784677090651,-0.21387739514415
-2.22429140096976,-0.221456048610402
-2.23065412180023,-0.229103599110216
-2.23693419689796,-0.236819161421576
-2.24313089932945,-0.244601842449939
-2.24924351181177,-0.252450741331609
-2.25527132679559,-0.260364949538022
-2.26121364654712,-0.2683435509809
-2.26706978322881,-0.276385622118302
-2.27283905897902,-0.284490232061515
-2.27852080599048,-0.292656442682813
-2.28411436658757,-0.300883308724049
-2.28961909330243,-0.309169877906063
-2.29503434894997,-0.31751519103892
-2.30035950670157,-0.325918282132932
-2.30559395015765,-0.334378178510476
-2.31073707341903,-0.342893900918584
-2.31578828115705,-0.351464463642292
-2.3207469886825,-0.360088874618741
-2.32561262201328,-0.368766135552009
-2.33038461794086,-0.377495242028668
-2.33506242409545,-0.386275183634044
-2.33964549900993,-0.395104944069178
-2.34413331218258,-0.403983501268466
-2.34852534413844,-0.412909827517959
-2.35282108648944,-0.421882889574332
-2.35702004199326,-0.430901648784478
-2.3611217246109,-0.439965061205735
-2.36512565956292,-0.44907207772673
-2.3690313833844,-0.45822164418881
-2.37283844397858,-0.467412701508067
-2.37654640066923,-0.476644185797928
-2.3801548242516,-0.485915028492303
-2.38366329704215,-0.495224156469274
-2.38707141292688,-0.50457049217531
-2.39037877740833,-0.513952953749999
-2.39358500765125,-0.523370455151273
-2.39668973252694,-0.532821906281124
-2.39969259265616,-0.542306213111779
-2.40259324045076,-0.551822277812344
-2.40539134015392,-0.561368998875874
-2.40808656787899,-0.570945271246878
-2.41067861164701,-0.580549986449232
-2.41316717142279,-0.590182032714488
-2.41555195914967,-0.599840295110561
-2.41783269878284,-0.609523655670788
-2.4200091263213,-0.619230993523335
-2.42208098983843,-0.628961185020939
-2.42404804951115,-0.638713103870972
-2.42591007764764,-0.648485621265818
-2.42766685871377,-0.658277606013527
-2.42931818935797,-0.668087924668758
-2.43086387843484,-0.677915441663978
-2.4323037470272,-0.687759019440904
-2.43363762846688,-0.69761751858218
-2.43486536835394,-0.707489797943268
-2.43598682457461,-0.717374714784537
-2.43700186731767,-0.727271124903536
-2.43791037908953,-0.737177882767441
-2.43871225472782,-0.747093841645653
-2.43940740141353,-0.757017853742532
-2.4399957386818,-0.766948770330261
-2.4404771984312,-0.776885441881811
-2.44085172493162,-0.786826718204001
-2.44111927483074,-0.79677144857064
-2.44127981715903,-0.80671848185572
-2.47166666666667,-0.816666666666667
-2.47166666666667,-0.826666666666667
-2.47166666666667,-0.836666666666667
-2.47166666666667,-0.846666666666667
-2.47166666666667,-0.856666666666667
-2.47166666666667,-0.866666666666667
-2.47166666666667,-0.876666666666667
-2.47166666666667,-0.886666666666667
-2.47166666666667,-0.896666666666667
-2.47166666666667,-0.906666666666667
-2.47166666666667,-0.916666666666667
-2.47166666666667,-0.926666666666667
-2.47166666666667,-0.936666666666667
-2.47166666666667,-0.946666666666667
-2.47166666666667,-0.956666666666667
-2.47166666666667,-0.966666666666667
-2.47166666666667,-0.976666666666667
-2.47166666666667,-0.986666666666667
-2.47166666666667,-0.996666666666667
-2.47166666666667,-1.00666666666667
-2.47166666666667,-1.01666666666667
-2.47166666666667,-1.02666666666667
-2.47166666666667,-1.03666666666667
-2.47166666666667,-1.04666666666667
-2.47166666666667,-1.05666666666667
-2.47166666666667,-1.06666666666667
-2.47166666666667,-1.07666666666667
-2.47166666666667,-1.08666666666667
-2.47166666666667,-1.09666666666667
-2.47166666666667,-1.10666666666667
-2.47166666666667,-1.11666666666667
-2.47166666666667,-1.12666666666667
-2.474166666666667,-1.13333333333333
-2.474166666666667,-1.14333333333333
-2.474166666666667,-1.15333333333333
-2.47166666666667,-1.16333333333333
-2.47166666666667,-1.17333333333333
-2.4766666666667,-1.18333333333333
-2.47166666666667,-1.19333333333333
-2.47166666666667,-1.20333333333333
-2.47166666666667,-1.21333333333333
-2.47166666666667,-1.22333333333333
-2.47166666666667,-1.23333333333333
-2.47166666666667,-1.24333333333333
-2.47166666666667,-1.25333333333333
-2.47166666666667,-1.26333333333333
-2.47166666666667,-1.27333333333333
-2.47166666666667,-1.28333333333333
-2.47166666666667,-1.29333333333333
-2.47166666666667,-1.30333333333333
-2.47166666666667,-1.31333333333333
-2.47166666666667,-1.32333333333333
-2.47166666666667,-1.33333333333333
-2.47166666666667,-1.34333333333333
-2.47166666666667,-1.35333333333333
-2.47166666666667,-1.36333333333333
-2.47166666666667,-1.37333333333333
-2.47166666666667,-1.38333333333333
-2.47166666666667,-1.39333333333333
-2.47166666666667,-1.40333333333333
-2.47166666666667,-1.41333333333333
-2.47166666666667,-1.42333333333333
-2.47166666666667,-1.43333333333333
-2.47166666666667,-1.44333333333333
-2.47166666666667,-1.45333333333333
-2.47166666666667,-1.46333333333333
-2.47166666666667,-1.47333333333333
-2.47166666666667,-1.48333333333333
-2.47166666666667,-1.49333333333333
-2.47166666666667,-1.50333333333333
-2.47166666666667,-1.51333333333333
-2.47166666666667,-1.52333333333333
-2.47166666666667,-1.53333333333333
-2.47166666666667,-1.54333333333333
-2.47166666666667,-1.55333333333333
-2.47166666666667,-1.56333333333333
-2.47166666666667,-1.57333333333333
-2.47166666666667,-1.58333333333333
-2.47166666666667,-1.59333333333333
-2.47166666666667,-1.60333333333333
-2.47166666666667,-1.61333333333333
-2.47166666666667,-1.62333333333333
-2.47166666666667,-1.63333333333333
-2.47166666666667,-1.64333333333333
-2.47166666666667,-1.65333333333333
-2.47166666666667,-1.66333333333333
-2.47166666666667,-1.67333333333333
-2.47166666666667,-1.68333333333333
-2.47166666666667,-1.69333333333333
-2.47166666666667,-1.70333333333333
-2.47166666666667,-1.71333333333333
-2.4766666666667,-1.72333333333333
-2.4766666666667,-1.73333333333333
-2.474166666666667,-1.74333333333333
-2.47166666666667,-1.75333333333333
-2.47166666666667,-1.76333333333333
-2.47166666666667,-1.77333333333333
-2.47166666666667,-1.78333333333333
-2.47166666666667,-1.79333333333333
-2.47166666666667,-1.80333333333333
-2.47166666666667,-1.81333333333333
-2.47166666666667,-1.82333333333333
-2.4166666666667,-1.83333333333333
-2.474166666666667,-1.84333333333333
-2.45840515344777,-1.85996724636864
-2.458620598876,-1.86993242281312
-2.45897962487592,-1.87989345983913
-2.45948215688765,-1.889848288812
-2.46012809054905,-1.89979484238634
-2.46091729171739,-1.90973105493529
-2.46184959649719,-1.91965486297957
-2.46292481127428,-1.92956420561595
-2.46414271275599,-1.93945702494529
-2.46550304801752,-1.94933126649988
-2.46700553455449,-1.9591848796701
-2.46864986034157,-1.96901581813028
-2.47043568389734,-1.97882204026369
-2.47236263435512,-1.98860150958648
-2.47443031154008,-1.99835219517062
-2.47663828605227,-2.00807207206571
-2.47898609935583,-2.01775912171943
-2.48147326387424,-2.02741133239681
-2.48409926309151,-2.03702669959796
-2.48686355165951,-2.04660322647438
-2.48976555551119,-2.05613892424366
-2.49280467197981,-2.06563181260244
-2.49598026992408,-2.07507992013773
-2.49929168985927,-2.08448128473628
-2.50273824409412,-2.09383395399208
-2.50631921687367,-2.10313598561179
-2.51003386452793,-2.11238544781814
-2.5138814156263,-2.12158041975109
-2.51786107113774,-2.1307189918667
-2.52197200459678,-2.13979926633378
-2.5262133622751,-2.14881935742792
-2.53058426335882,-2.15777739192319
-2.53508380013147,-2.16667150948108
-2.53971103816247,-2.1754998630369
-2.54446501650116,-2.18426061918334
-2.5493447478764,-2.19295195855121
-2.55434921890161,-2.2015720761873
-2.55947739028516,-2.21011918192919
-2.56472819704627,-2.21859150077703
-2.57010054873614,-2.22698727326218
-2.57559332966443,-2.23530475581257
-2.58120539913092,-2.24354222111479
-2.58693559166245,-2.25169795847285
-2.59278271725491,-2.25977027416341
-2.59874556162042,-2.26775749178751
-2.60482288643947,-2.27565795261875
-2.61101342961808,-2.28347001594772
-2.61731590554994,-2.29119205942276
-2.62372900538335,-2.29882247938687
-2.63025139729307,-2.30635969121076
-2.63688172675689,-2.31380212962188
-2.64361861683691,-2.32114824902955
-2.65046066846552,-2.32839652384592
-2.65740646073592,-2.33554544880275
-2.66445455119725,-2.34259353926408
-2.67160347615408,-2.34953933153448
-2.67885175097045,-2.35638138316309
-2.68619787037812,-2.36311827324311
-2.69364030878924,-2.36974860270693
-2.70117752061313,-2.37627099461665
-2.70880794057724,-2.38268409445006
-2.71652998405228,-2.38898657038192
-2.72434204738125,-2.39517711356053
-2.73224250821249,-2.40125443837958
-2.74022972583659,-2.40721728274509
-2.74830204152715,-2.41306440833755
-2.75645777888521,-2.41879460086908
-2.76469524418743,-2.42440667033557
-2.77301272673782,-2.42989945126386
-2.78140849922297,-2.43527180295373
-2.78988081807081,-2.44052260971484
-2.7984279238127,-2.4456507810984
-2.80704804144879,-2.4506552521236
-2.81573938081666,-2.45553498349884
-2.8245001369631,-2.46028896183753
-2.83332849051892,-2.46491619986853
-2.84222260807681,-2.46941573664118
-2.85118064257208,-2.4737866377249
-2.86020073366622,-2.47802799540322
-2.8692810081333,-2.48213892886226
-2.87841958024892,-2.4861185843737
-2.88761455218186,-2.48996613547207
-2.89686401438821,-2.49368078312633
-2.90616604600792,-2.49726175590588
-2.91551871526372,-2.50070831014073
-2.92492007986227,-2.50401973007592
-2.93436818739756,-2.50719532802019
-2.94386107575634,-2.51023444448881
-2.95339677352562,-2.51313644834049
-2.96297330040204,-2.51590073690849
-2.97258866760319,-2.51852673612576
-2.98224087828057,-2.52101390064417
-2.99192792793429,-2.52336171394773
-3.00164780482938,-2.52556968845992
-3.01139849041352,-2.52763736564488
-3.02117795973631,-2.52956431610266
-3.03098418186972,-2.53135013965843
-3.0408151203299,-2.53299446544551
-3.05066873350012,-2.53449695198248
-3.06054297505471,-2.53585728724401
-3.07043579438405,-2.53707518872572
-3.08034513702043,-2.53815040350281
-3.09026894506471,-2.53908270828261
-3.10020515761366,-2.53987190945095
-3.110151711188,-2.54051784311235
-3.12010654016087,-2.54102037512408
-3.13006757718688,-2.541379401124
-3.14003275363136,-2.54159484655223
-3.15,-2.55
-3.16,-2.55
-3.17,-2.55
-3.18,-2.55
-3.19,-2.55
-3.2,-2.55
-3.21,-2.55
-3.22,-2.55
-3.23,-2.55
-3.24,-2.55
-3.25,-2.55
-3.26,-2.55
-3.27,-2.55
-3.28,-2.55
-3.29,-2.55
-3.3,-2.55
-3.31,-2.55
-3.32,-2.55
-3.33,-2.55
-3.34,-2.55
-3.35,-2.55
-3.36,-2.55
-3.37,-2.55
-3.38,-2.55
-3.39,-2.55
-3.4,-2.55
-3.41,-2.55
-3.42,-2.55
-3.43,-2.55
-3.44,-2.55
-3.45,-2.55
-3.46,-2.55
-3.47,-2.55
-3.48,-2.55
-3.49,-2.55
-3.5,-2.55
-3.51,-2.55
-3.52,-2.55
-3.53,-2.55
-3.54,-2.55
-3.55,-2.55
-3.56,-2.55
-3.57,-2.55
-3.58,-2.55
-3.59,-2.55
-3.6,-2.55
-3.61,-2.55
-3.62,-2.55
-3.63,-2.55
-3.64,-2.55
-3.65,-2.55
-3.66,-2.55
-3.67,-2.55
-3.68,-2.55
-3.69,-2.55
-3.7,-2.55
-3.71,-2.55
-3.72,-2.55
-3.73,-2.55
-3.74,-2.55
-3.75,-2.55
-3.76,-2.55
-3.77,-2.55
-3.78,-2.55
-3.79,-2.55
-3.8,-2.55
-3.81,-2.55
-3.82,-2.55
-3.83,-2.55
-3.84,-2.55
-3.85,-2.55
-3.86,-2.55
-3.87,-2.55
-3.875,-2.55
-3.885,-2.55
-3.895,-2.55
-3.905,-2.55
-3.915,-2.55
-3.925,-2.55
-3.935,-2.55
-3.945,-2.55
-3.955,-2.55
-3.965,-2.55
-3.975,-2.55
-3.985,-2.55
-3.995,-2.55
-4.005,-2.55
-4.015,-2.55
-4.025,-2.55
-4.035,-2.55
-4.045,-2.55
-4.055,-2.55
-4.065,-2.55
-4.075,-2.55
-4.085,-2.55
-4.095,-2.55
-4.105,-2.55
-4.115,-2.55
-4.125,-2.55
-4.135,-2.55
-4.145,-2.55
-4.155,-2.55
-4.165,-2.55
-4.175,-2.55
-4.185,-2.55
-4.195,-2.55
-4.205,-2.55
-4.215,-2.55
-4.225,-2.55
-4.235,-2.55
-4.245,-2.55
-4.255,-2.55
-4.265,-2.55
-4.275,-2.55
-4.285,-2.55
-4.295,-2.55
-4.305,-2.55
-4.315,-2.55
-4.325,-2.55
-4.335,-2.55
-4.345,-2.55
-4.355,-2.55
-4.365,-2.55
-4.375,-2.55
-4.385,-2.55
-4.395,-2.55
-4.405,-2.55
-4.415,-2.55
-4.425,-2.55
-4.435,-2.55
-4.445,-2.55
-4.455,-2.55
-4.465,-2.55
-4.475,-2.55
-4.485,-2.55
-4.495,-2.55
-4.505,-2.55
-4.515,-2.55
-4.525,-2.55
-4.535,-2.55
-4.545,-2.55
-4.555,-2.55
-4.565,-2.55
-4.575,-2.55
-4.585,-2.55
-4.595,-2.55
-4.60996724636864,-2.54159484655223
-4.61993242281312,-2.541379401124
-4.62989345983913,-2.54102037512408
-4.639848288812,-2.54051784311235
-4.64979484238634,-2.53987190945095
-4.65973105493529,-2.53908270828261
-4.66965486297957,-2.53815040350281
-4.67956420561595,-2.53707518872572
-4.68945702494529,-2.53585728724401
-4.69933126649988,-2.53449695198248
-4.70918487967009,-2.53299446544551
-4.71901581813028,-2.53135013965843
-4.72882204026369,-2.52956431610266
-4.73860150958648,-2.52763736564488
-4.74835219517062,-2.52556968845992
-4.75807207206571,-2.52336171394773
-4.76775912171943,-2.52101390064417
-4.77741133239681,-2.51852673612576
-4.78702669959796,-2.51590073690849
-4.79660322647439,-2.51313644834049
-4.80613892424366,-2.51023444448881
-4.81563181260244,-2.50719532802019
-4.82507992013773,-2.50401973007592
-4.83448128473628,-2.50070831014073
-4.84383395399208,-2.49726175590588
-4.85313598561179,-2.49368078312633
-4.86238544781814,-2.48996613547207
-4.87158041975109,-2.4861185843737
-4.8807189918667,-2.48213892886226
-4.88979926633378,-2.47802799540322
-4.89881935742792,-2.4737866377249
-4.90777739192319,-2.46941573664118
-4.91667150948108,-2.46491619986853
-4.9254998630369,-2.46028896183753
-4.93426061918334,-2.45553498349884
-4.94295195855122,-2.4506552521236
-4.9515720761873,-2.44565078109839
-4.96011918192919,-2.44052260971484
-4.96859150077703,-2.43527180295373
-4.97698727326218,-2.42989945126386
-4.98530475581257,-2.42440667033557
-4.99354222111479,-2.41879460086908
-5.00169795847285,-2.41306440833755
-5.00977027416341,-2.40721728274509
-5.01775749178751,-2.40125443837958
-5.02565795261875,-2.39517711356053
-5.03347001594772,-2.38898657038192
-5.04119205942276,-2.38268409445006
-5.04882247938687,-2.37627099461665
-5.05635969121076,-2.36974860270693
-5.06380212962188,-2.36311827324311
-5.07114824902955,-2.35638138316309
-5.07839652384592,-2.34953933153448
-5.08554544880275,-2.34259353926408
-5.09259353926408,-2.33554544880275
-5.09953933153449,-2.32839652384592
-5.10638138316309,-2.32114824902955
-5.11311827324311,-2.31380212962188
-5.11974860270693,-2.30635969121076
-5.12627099461665,-2.29882247938687
-5.13268409445006,-2.29119205942276
-5.13898657038192,-2.28347001594772
-5.14517711356053,-2.27565795261875
-5.15125443837958,-2.26775749178751
-5.15721728274509,-2.25977027416341
-5.16306440833755,-2.25169795847285
-5.16879460086908,-2.24354222111479
-5.17440667033557,-2.23530475581257
-5.17989945126386,-2.22698727326218
-5.18527180295373,-2.21859150077703
-5.19052260971484,-2.21011918192919
-5.1956507810984,-2.2015720761873
-5.2006552521236,-2.19295195855121
-5.20553498349885,-2.18426061918334
-5.21028896183753,-2.1754998630369
-5.21491619986853,-2.16667150948108
-5.21941573664118,-2.15777739192319
-5.2237866377249,-2.14881935742792
-5.22802799540322,-2.13979926633378
-5.23213892886226,-2.1307189918667
-5.2361185843737,-2.12158041975108
-5.23996613547206,-2.11238544781814
-5.24368078312633,-2.10313598561179
-5.24726175590588,-2.09383395399208
-5.25070831014073,-2.08448128473628
-5.25401973007591,-2.07507992013773
-5.25719532802019,-2.06563181260244
-5.26023444448881,-2.05613892424366
-5.26313644834049,-2.04660322647438
-5.26590073690849,-2.03702669959796
-5.26852673612576,-2.02741133239681
-5.27101390064417,-2.01775912171943
-5.27336171394773,-2.00807207206571
-5.27556968845992,-1.99835219517062
-5.27763736564488,-1.98860150958648
-5.27956431610266,-1.97882204026369
-5.28135013965843,-1.96901581813028
-5.28299446544551,-1.95918487967009
-5.28449695198248,-1.94933126649988
-5.28585728724401,-1.93945702494529
-5.28707518872572,-1.92956420561595
-5.28815040350281,-1.91965486297957
-5.28908270828261,-1.90973105493529
-5.28987190945095,-1.89979484238634
-5.29051784311235,-1.889848288812
-5.29102037512408,-1.87989345983913
-5.291379401124,-1.86993242281312
-5.29159484655223,-1.85996724636864
-5.2988,-1.85
-5.2988,-1.84
-5.2988,-1.83
-5.2988,-1.82
-5.2988,-1.81
-5.2988,-1.8
-5.2988,-1.79
-5.2988,-1.78
-5.2988,-1.77
-5.2988,-1.76
-5.2988,-1.75
-5.2988,-1.74
-5.2988,-1.73
-5.2988,-1.72
-5.2988,-1.71
-5.2988,-1.7
-5.2988,-1.69
-5.2988,-1.68
-5.2988,-1.67
-5.2988,-1.66
-5.2988,-1.65
-5.2988,-1.64
-5.2988,-1.63
-5.2988,-1.62
-5.2988,-1.61
-5.2988,-1.6
-5.2988,-1.59
-5.2988,-1.58
-5.2988,-1.57
-5.2988,-1.56
-5.2988,-1.55
-5.2988,-1.54
-5.2988,-1.53
-5.2988,-1.52
-5.2988,-1.51
-5.2988,-1.5
-5.2988,-1.49
-5.2988,-1.48
-5.2988,-1.47
-5.2988,-1.46
-5.2988,-1.45
-5.2988,-1.44
-5.2988,-1.43
-5.2988,-1.42
-5.2988,-1.41
-5.2988,-1.4
-5.2988,-1.39
-5.2988,-1.38
-5.2988,-1.37
-5.2988,-1.36
-5.2988,-1.35
-5.2988,-1.34
-5.2988,-1.33333333333333
-5.2988,-1.32333333333333
-5.2988,-1.31333333333333
-5.2988,-1.30333333333333
-5.2988,-1.29333333333333
-5.2988,-1.28333333333333
-5.2988,-1.27333333333333
-5.2988,-1.26333333333333
-5.2988,-1.25333333333333
-5.2988,-1.24333333333333
-5.2988,-1.23333333333333
-5.2988,-1.22333333333333
-5.2988,-1.21333333333333
-5.2988,-1.20333333333333
-5.2988,-1.19333333333333
-5.2988,-1.18333333333333
-5.2988,-1.17333333333333
-5.2988,-1.16333333333333
-5.2988,-1.15333333333333
-5.2988,-1.14333333333333
-5.2988,-1.13333333333333
-5.2988,-1.12333333333333
-5.2988,-1.11333333333333
-5.2988,-1.10333333333333
-5.2988,-1.09333333333333
-5.2988,-1.08333333333333
-5.2988,-1.07333333333333
-5.2988,-1.06333333333333
-5.2988,-1.05333333333333
-5.2988,-1.04333333333333
-5.2988,-1.03333333333333
-5.2988,-1.02333333333333
-5.2988,-1.01333333333333
-5.2988,-1.00333333333333
-5.2988,-0.993333333333333
-5.2988,-0.983333333333333
-5.2988,-0.973333333333333
-5.2988,-0.963333333333333
-5.2988,-0.953333333333333
-5.2988,-0.943333333333333
-5.2988,-0.933333333333333
-5.2988,-0.923333333333333
-5.2988,-0.913333333333333
-5.2988,-0.903333333333333
-5.2988,-0.893333333333333
-5.2988,-0.883333333333333
-5.2988,-0.873333333333333
-5.2988,-0.863333333333333
-5.2988,-0.853333333333333
-5.2988,-0.843333333333333
-5.2988,-0.833333333333333
-5.2988,-0.823333333333333
-5.30793036944578,-0.806737315410784
-5.3077214914792,-0.796809917223351
-5.30737340718583,-0.786886424788655
-5.30688618503261,-0.776968790022735
-5.30625992085444,-0.767058963689448
-5.30549473783527,-0.757158895016759
-5.30459078648392,-0.747270531313338
-5.30354824460442,-0.737395817585525
-5.3023673172611,-0.72753669615476
-5.3010482367382,-0.717695106275533
-5.29959126249424,-0.707872983753939
-5.29799668111091,-0.698072260566913
-5.29626480623676,-0.688294864482215
-5.29439597852549,-0.678542718679248
-5.29239056556892,-0.66881774137077
-5.29024896182473,-0.659121845425596
-5.28797158853884,-0.649456937992336
-5.28555889366256,-0.63982492012427
-5.28301135176448,-0.630227686405416
-5.28032946393713,-0.620667124577873
-5.2775137576984,-0.611145115170507
-5.27456478688781,-0.601663531129059
-5.27148313155753,-0.592224237447743
-5.26826939785832,-0.582829090802408
-5.2649242179203,-0.573479939185336
-5.26144824972858,-0.564178621541749
-5.25784217699387,-0.554926967408095
-5.25410670901799,-0.545726796552183
-5.25024258055435,-0.536579918615245
-5.24625055166341,-0.527488132755981
-5.24213140756322,-0.518453227296675
-5.23788595847491,-0.509476979371435
-5.23351503946339,-0.50056115457664
-5.22901951027304,-0.49170750662365
-5.22440025515864,-0.48291777699386
-5.2196581827114,-0.474193694596157
-5.21479422568029,-0.465536975426846
-5.20980934078854,-0.456949322232124
-5.20470450854548,-0.448432424173152
-5.19948073305362,-0.439987956493808
-5.19413904181124,-0.431617580191166
-5.1886804855102,-0.423322941688788
-5.18310613782932,-0.415105672512878
-5.17741709522316,-0.406967388971364
-5.17161447670638,-0.39890969183598
-5.16569942363364,-0.390934166027395
-5.15967309947505,-0.38304238030347
-5.15353668958736,-0.375235886950683
-5.14729140098082,-0.367516221478806
-5.1409384620817,-0.359884902318869
-5.13447912249073,-0.352343430524495
-5.12791465273728,-0.344893289476648
-5.12124634402945,-0.337535944591853
-5.11447550800009,-0.330272843033956
-5.10760347644883,-0.323105413429476
-5.10063160108008,-0.316035065586591
-5.09356125323719,-0.309063190217841
-5.08639382363271,-0.302191158666576
-5.07913072207481,-0.295420322637217
-5.07177337719002,-0.288752013929385
-5.06432323614217,-0.282187544175936
-5.0567817643478,-0.275728204584968
-5.04915044518786,-0.269375265685849
-5.04143077971598,-0.263129977079301
-5.0336242863632,-0.256993567191617
-5.02573250063927,-0.250967243033026
-5.01775697483069,-0.245052189960283
-5.0096992776953,-0.23924957144351
-5.00156099415379,-0.233560528837351
-4.99334372497788,-0.227986181156465
-4.9850490864755,-0.222527624855423
-4.97667871017286,-0.217185933613041
-4.96823424249351,-0.211962158121189
-4.95971734443454,-0.206857325878121
-4.95112969123982,-0.201872440986376
-4.94247297207051,-0.197008483955269
-4.93374888967281,-0.192266411508031
-4.92495916004302,-0.187647156393625
-4.91610551209003,-0.183151627203275
-4.90718968729523,-0.178780708191754
-4.89821343936999,-0.174535259103448
-4.88917853391068,-0.170416115003253
-4.88008674805142,-0.166424086112317
-4.87093987011448,-0.162559957648676
-4.86173969925857,-0.158824489672798
-4.85248804512492,-0.15521841693809
-4.84318672748133,-0.151742448746368
-4.83383757586426,-0.148397268808343
-4.82444242921892,-0.145183535109136
-4.81500313553761,-0.142101879778856
-4.80552155149616,-0.139152908968263
-4.79599954208879,-0.136337202729536
-4.78643898026125,-0.133655314902185
-4.7768417465424,-0.131107773004106
-4.76720972867433,-0.128695078127825
-4.75754482124107,-0.126417704841936
-4.7478489252959,-0.124276101097747
-4.73812394798742,-0.12227068814118
-4.72837180218445,-0.120401860429904
-4.71859440609975,-0.118669985555756
-4.70879368291273,-0.117075404172426
-4.69897156039113,-0.115618429928463
-4.68912997051191,-0.114299349405572
-4.67927084908114,-0.113118422062251
-4.66939613535333,-0.112075880182751
-4.65950777164991,-0.111171928831392
-4.64960770297722,-0.110406745812224
-4.63969787664393,-0.109780481634053
-4.62978024187801,-0.109293259480839
-4.61985674944331,-0.108945175187465
-4.60992935125588,-0.108736297220888
-4.6,-0.108333333333333
-4.59,-0.108333333333333
-4.58,-0.108333333333333
-4.57,-0.108333333333333
-4.56,-0.108333333333333
-4.55,-0.108333333333333
-4.54,-0.108333333333333
-4.53,-0.108333333333333
-4.52,-0.108333333333333
-4.51,-0.108333333333333
-4.5,-0.108333333333333
-4.49,-0.108333333333333
-4.48,-0.108333333333333
-4.47,-0.108333333333333
-4.46,-0.108333333333333
-4.45,-0.108333333333333
-4.44,-0.108333333333333
-4.43,-0.108333333333333
-4.42,-0.108333333333333
-4.41,-0.108333333333333
-4.4,-0.108333333333333
-4.39,-0.108333333333333
-4.38,-0.108333333333333
-4.37,-0.108333333333333
-4.36,-0.108333333333333
-4.35,-0.108333333333333
-4.34,-0.108333333333333
-4.33,-0.108333333333333
-4.32,-0.108333333333333
-4.31,-0.108333333333333
-4.3,-0.108333333333333
-4.29,-0.108333333333333
-4.28,-0.108333333333333
-4.27,-0.108333333333333
-4.26,-0.108333333333333
-4.25,-0.108333333333333
-4.24,-0.108333333333333
-4.23,-0.108333333333333
-4.22,-0.108333333333333
-4.21,-0.108333333333333
-4.2,-0.108333333333333
-4.19,-0.108333333333333
-4.18,-0.108333333333333
-4.17,-0.108333333333333
-4.16,-0.108333333333333
-4.15,-0.108333333333333
-4.14,-0.108333333333333
-4.13,-0.108333333333333
-4.12,-0.108333333333333
-4.11,-0.108333333333333
-4.1,-0.108333333333333
-4.09,-0.108333333333333
-4.08,-0.108333333333333
-4.07,-0.108333333333333
-4.06,-0.108333333333333
-4.05,-0.108333333333333
-4.04,-0.108333333333333
-4.03,-0.108333333333333
-4.02,-0.108333333333333
-4.01,-0.108333333333333
-4.0,-0.108333333333333
-3.99,-0.108333333333333
-3.98,-0.108333333333333
-3.97,-0.108333333333333
-3.96,-0.108333333333333
-3.95,-0.108333333333333
-3.94,-0.108333333333333
-3.93,-0.108333333333333
-3.92,-0.108333333333333
-3.91,-0.108333333333333
-3.9,-0.108333333333333
-3.89,-0.108333333333333
-3.88,-0.108333333333333
-3.87,-0.108333333333333
-3.86,-0.108333333333333
-3.85,-0.108333333333333
-3.84,-0.108333333333333
-3.83,-0.108333333333333
-3.82,-0.108333333333333
-3.81,-0.108333333333333
-3.8,-0.108333333333333
-3.79,-0.108333333333333
-3.78,-0.108333333333333
-3.77,-0.108333333333333
-3.76,-0.108333333333333
-3.75,-0.108333333333333
-3.74,-0.108333333333333
-3.73,-0.108333333333333
-3.72,-0.108333333333333
-3.71,-0.108333333333333
-3.7,-0.108333333333333
-3.69,-0.108333333333333
-3.68,-0.108333333333333
-3.67,-0.108333333333333
-3.66,-0.108333333333333
-3.65,-0.108333333333333
-3.64,-0.108333333333333
-3.63,-0.108333333333333
-3.62,-0.108333333333333
-3.61,-0.108333333333333
-3.6,-0.108333333333333
-3.59,-0.108333333333333
-3.58,-0.108333333333333
-3.57,-0.108333333333333
-3.56,-0.108333333333333
-3.55,-0.108333333333333
-3.54,-0.108333333333333
-3.53,-0.108333333333333
-3.52,-0.108333333333333
-3.51,-0.108333333333333
-3.5,-0.108333333333333
-3.49,-0.108333333333333
-3.48,-0.108333333333333
-3.47,-0.108333333333333
